city,description
Addis-Ababa,Museum
Addis-Ababa,Monument
Addis-Ababa,Entoto Panoramic Viewpoint
Addis-Ababa,Africa Hall
Addis-Ababa,Monument
Addis-Ababa,Natural History Museum
Addis-Ababa,Entoto Maryam Church
Addis-Ababa,Kidane Mehret Church
Addis-Ababa,Addis Ababa University
Addis-Ababa,Addis Ababa Park
Addis-Ababa,Garden Fountain
Addis-Ababa,Walk Run
Addis-Ababa,Museum Park
Addis-Ababa,cold temrature nice view
Addis-Ababa,rides a bick acros the city
Addis-Ababa,oldest Church 
Addis-Ababa,hicking acros entoto moutain
Addis-Ababa,zoo for some animal
Addis-Ababa,africa's biggest roads run
Addis-Ababa,horse races
Jimma,Aba Jifar
Jimma,Coffe Culture
Jimma,best time is october to february
Jimma,museum
Jimma,ethiopian drinkes
Jimma,coffe cermony
Jimma,hiking picnicking
Jimma,Music Center
Jimma,Spa Resort
Jimma,Golf Club
Jimma,Waterfalls
Jimma,Palace Museum
Jimma,recreational  park
Jimma,Wildlife Sanctuary
Jimma,Sports Complex
Jimma,Environmental Center
Jimma,coffe testing tour
Jimma,watch movie at jimma cinema
Jimma,353 kilometers 
Jimma,219 miles
Jimma,Historical Museum
Axum,Stelae Park
Axum,Obelisks of Axum
Axum,King Ezana's Inscriptions
Axum,Axum Archaeological Museum
Axum,ruin of aksum
Axum,Dungur Palace
Axum,Church of Mary of Zion
Axum,Queen of Sheba's Palace
Axum,Axumite Baths
Axum,Great Stelae Field
Axum,House of the Ark of the Covenant
Axum,The Chapel of the Tablet
Axum,Axum Obelisk (Rome)
Axum,Ruins of Ancient Axum
Axum,Axumite Heritage Park
Axum,Monastery of Abba Pantaleon
Axum,Axum Tsion Mariam Church
Axum,Chapel of the Tablet
Axum,Ruins of Queen Sheba
Axum,St. Mary of Zion Cathedral
Axum,Ark of the Covenant
Axum,Queen Sheba Palace
Axum,Queen of Sheba's Palace
Axum,Queen of Sheba museum
Axum,hiking to mountain
Awash National Park and Doho Hot Springs , known for its diverse wildlife and landscapes.
Awash National Park and Doho Hot Springs ,Scenic national park in central Ethiopia
Awash National Park and Doho Hot Springs ,Explore the park's savannah plains acacia woodlands and the Awash River Gorge.
Awash National Park and Doho Hot Springs ,Spot wildlife such as oryx kudu gazelles baboons and over 450 bird species.
Awash National Park and Doho Hot Springs ,more bird species
Awash National Park and Doho Hot Springs ,Visit the Awash Falls a seasonal waterfall that cascades into a dramatic gorge.
Awash National Park and Doho Hot Springs ,Enjoy game drives nature walks and birdwatching with experienced guides.
Awash National Park and Doho Hot Springs ,Camp under the stars and experience the sounds of the African wilderness.
Awash National Park and Doho Hot Springs ,Learn about local culture and customs from nearby Afar and Somali communities.
Awash National Park and Doho Hot Springs ,Relax in natural hot springs renowned for their therapeutic properties.
Awash National Park and Doho Hot Springs ,Enjoy bathing in mineral-rich waters surrounded by scenic landscapes.
Awash National Park and Doho Hot Springs ,Take leisurely walks around the springs and nearby areas for nature appreciation.
Awash National Park and Doho Hot Springs ,Engage in bird watching and wildlife observation in the surrounding habitats.
Awash National Park and Doho Hot Springs ,awash falls
Awash National Park and Doho Hot Springs ,smimming lake
Awash National Park and Doho Hot Springs ,sun set
Awash National Park and Doho Hot Springs ,boat tours
Awash National Park and Doho Hot Springs ,birds 
Awash National Park and Doho Hot Springs ,man made water fall
Awash National Park and Doho Hot Springs ,lake pool
Awash National Park and Doho Hot Springs ,swimming pool
Awash National Park and Doho Hot Springs ,227 km from addis abeba
Awash National Park and Doho Hot Springs ,Taste traditional Ethiopian dishes prepared by local chefs using fresh ingredients.
Gheralta,Historical town near the Gheralta Mountains
Gheralta,ancient rock-hewn churches and stunning landscapes.
Gheralta,rock-hewn churches dating back to the 4th century
Gheralta,showcasing unique Tigrayan architecture and religious history.
Gheralta,Explore the picturesque Gheralta Mountains
Gheralta,rock climbing
Gheralta,Experience authentic Tigrayan culture through interactions with local communities and visits to cultural centers.
Gheralta,Enjoy panoramic views from viewpoints atop the Gheralta Mountains
Gheralta,offering breathtaking vistas of the surrounding countryside.
Gheralta,Savor traditional Tigrayan cuisine at local eateries
Gheralta,featuring dishes made from locally sourced ingredients.
Gheralta,hiking 
Gheralta,rock mountain
Gheralta,spritual book
Gheralta,Join guided tours to explore archaeological sites caves and historic landmarks in the Gheralta region.
Gheralta,cave
Gheralta,maryam korkor
Gheralta,moutain peak view
Gheralta,hot temrature 
Gheralta, ideal for hiking
Alalobed Hot Springs,Natural hot springs with therapeutic properties.
Alalobed Hot Springs,Relax in mineral-rich waters.
Alalobed Hot Springs,Enjoy scenic views while soaking in the springs.
Alalobed Hot Springs,Take nature walks around the hot springs area.
Alalobed Hot Springs,Observe local wildlife in their natural habitat.
Alalobed Hot Springs,Learn about the geological formation of the springs.
Alalobed Hot Springs,Experience the calming and healing effects of the hot water.
Alalobed Hot Springs,Visit nearby traditional villages.
Alalobed Hot Springs,Engage in bird watching activities.
Alalobed Hot Springs,Taste local cuisine at nearby eateries.
Alalobed Hot Springs,Join guided tours to explore the area.
Alalobed Hot Springs,Photograph the beautiful natural scenery.
Alalobed Hot Springs,Discover the cultural significance of the springs to locals.
Alalobed Hot Springs,Enjoy picnic spots with family and friends.
Alalobed Hot Springs,Participate in wellness and spa treatments.
Alalobed Hot Springs,Learn about the local flora and fauna.
Alalobed Hot Springs,Visit during sunrise or sunset for spectacular views.
Alalobed Hot Springs,Camp near the hot springs for an overnight adventure.
Alalobed Hot Springs,Experience the serene and peaceful environment.
Alalobed Hot Springs,Take part in meditation and relaxation sessions.
Alalobed Hot Springs,hot big spring
Alalobed Hot Springs,hot temrature
Alalobed Hot Springs,Enjoy star gazing at night.
Alalobed Hot Springs,Explore hiking trails in the surrounding area.
Alalobed Hot Springs,Experience traditional music and dance performances by local communities.
Arba Minch,Nechisar National Park
Arba Minch,Crocodile Market
Arba Minch,Chamo Lake
Arba Minch,Abaya Lake
Arba Minch,Dorze Village
Arba Minch,Konso Cultural Landscape
Arba Minch,Arba Minch Forest
Arba Minch,Forty Springs
Arba Minch,Boat Tours on Chamo Lake
Arba Minch,Bird Watching at Nechisar
Arba Minch,Arba Minch Market
Arba Minch,Local Cuisine and Traditional Dishes
Arba Minch,Exploring Local Cafes and Restaurants
Arba Minch,firutes
Arba Minch,Boat Rides to See Hippos and Crocodiles
Arba Minch,Fishing in Chamo and Abaya Lakes
Arba Minch,Tasting Fresh Fish Dishes from Chamo Lake
Arba Minch,Boat Excursions for Bird Watching
Arba Minch,Engaging with Local Artisans and Craftsmen
Arba Minch,Visiting the Scenic Waterfalls Near Arba Minch
Arba Minch,Swimming in Natural Pools
Arba Minch,Camping in Nechisar National Park
Arba Minch,Mountain Biking in Surrounding Hills
Arba Minch,High Temrature hot temrature
Arba Minch,Hot temrature
Bahir Dar,Lake Tana
Bahir Dar,Blue Nile Falls (Tis Issat)
Bahir Dar,Bahir Dar University
Bahir Dar,Bahir Dar Market
Bahir Dar,Bahir Dar Palace
Bahir Dar,Zeghie Peninsula
Bahir Dar,Boat Trips on Lake Tana
Bahir Dar,Visiting Monasteries on Lake Tana Islands
Bahir Dar,Bird Watching on Lake Tana
Bahir Dar,Exploring Blue Nile Gorge
Bahir Dar,Shopping at Bahir Dar Craft Market
Bahir Dar,Visiting Orthodox Christian Churches
Bahir Dar,Exploring Bahir Dar Museum
Bahir Dar,Hiking in Surrounding Hills and Escarpments
Bahir Dar,Exploring Local Art Galleries
Bahir Dar,Participating in Water Sports on Lake Tana
Bahir Dar,swimming in lake
Bahir Dar,swimming in pool
Bahir Dar,Enjoying Boat Cruises at Sunset
Chebera Churchura National Park,Discover diverse wildlife in the park.
Chebera Churchura National Park,Spot elephants
Chebera Churchura National Park,Join guided wildlife safaris.
Chebera Churchura National Park,Explore lush forests and savannas.
Chebera Churchura National Park,Enjoy birdwatching with numerous species.
Chebera Churchura National Park,Experience the stunning scenery.
Chebera Churchura National Park,Visit the park during the dry season for best viewing.
Chebera Churchura National Park,Hike through diverse ecosystems.
Chebera Churchura National Park,Engage in photographic safaris.
Chebera Churchura National Park,Discover the park's rich biodiversity.
Chebera Churchura National Park,Enjoy picnic spots with beautiful views.
Chebera Churchura National Park,Stay in eco-friendly lodges.
Chebera Churchura National Park,Take part in community-based tourism initiatives.
Chebera Churchura National Park,Join educational programs on wildlife.
Chebera Churchura National Park,Experience traditional Ethiopian culture.
Chebera Churchura National Park,Support conservation projects.
Chebera Churchura National Park,Explore the park's rivers and wetlands.
Chebera Churchura National Park,Engage in trekking and hiking activities.
Chebera Churchura National Park,Join conservation and research projects.
Chebera Churchura National Park,Visit local villages and experience their culture.
Chebera Churchura National Park,Enjoy traditional Ethiopian cuisine.
Chebera Churchura National Park,Photograph stunning landscapes.
Chebera Churchura National Park,Join wellness and relaxation activities.
Chebera Churchura National Park,forset place
Chebera Churchura National Park,cold weather condition 
Chebera Churchura National Park,green land 
Danakil Depression,One of the hottest places on Earth with unique geological features.
Danakil Depression,Explore colorful hydrothermal fields and salt flats.
Danakil Depression,active volcano Erta Ale with its lava lake.
Danakil Depression,Experience the Dallol sulfur springs with vibrant colors.
Danakil Depression,See traditional salt mining by the Afar people.
Danakil Depression,Learn about the local Afar culture and traditions.
Danakil Depression,Experience extreme desert conditions and unique ecosystem.
Danakil Depression,Observe camel caravans transporting salt.
Danakil Depression,Camp under the stars in the vast desert.
Danakil Depression,Visit the Assale Lake
Danakil Depression,Take a dip in the hot springs for a unique experience.
Danakil Depression,Explore the remote and rugged terrain with guides.
Danakil Depression,Participate in adventure tours for thrill-seekers.
Danakil Depression,View stunning salt formations and colorful mineral deposits.
Danakil Depression,Experience sunrise and sunset over the desert.
Danakil Depression,Walk on the salt crust and feel the unique texture.
Danakil Depression,Watch geysers and boiling water at Dallol.
Danakil Depression,Discover the history of volcanic activity in the region.
Danakil Depression,Spot unique wildlife adapted to harsh conditions.
Danakil Depression,Enjoy breathtaking views from high points in the desert.
Danakil Depression,Join a 4x4 expedition for an off-road adventure.
Danakil Depression,Visit sulfur pools with their bright yellow colors.
Dire Dawa,Diverse city in eastern Ethiopia
Dire Dawa,vibrant culture and historical significance.
Dire Dawa,Explore Kezira's old town with unique Ethiopian and French architecture.
Dire Dawa,Africa's oldest railway stations built during the French occupation.
Dire Dawa,Experience the bustling Central Market for local goods and spices.
Dire Dawa,peace and love 
Dire Dawa,Sample spicy traditional flatbread.
Dire Dawa,Discover Dire Dawa University's scenic campus and academic atmosphere.
Dire Dawa,Attend cultural events celebrating diverse ethnic traditions.
Dire Dawa,Visit Babille Elephant Sanctuary and Lake Abbe for wildlife and scenery.
Dire Dawa,Hike in nearby valleys and mountains for breathtaking views and nature trails.
Dire Dawa,Engage in birdwatching to spot endemic species in the surrounding areas.
Dire Dawa,Take guided tours to historical sites like the Ras Mekonnen Palace and Dirre Sheikh Hussein Mosque.
Dire Dawa,Shop for local crafts including textiles jewelry pottery at artisan markets.
Gambella National Park,Vast park known for its diverse wildlife.
Gambella National Park,Explore the rich biodiversity of the park.
Gambella National Park,elephants buffalo giraffes
Gambella National Park,Experience birdwatching with over 300 species.
Gambella National Park,Visit during the dry season for optimal wildlife viewing.
Gambella National Park,Take boat trips along the Baro River.
Gambella National Park,Observe Nile crocodiles and hippos in their natural habitat.
Gambella National Park,Engage in photographic safaris.
Gambella National Park,Learn about the park's conservation efforts.
Gambella National Park,Walk through savannahs and wetlands.
Gambella National Park,Experience the culture of the local Anuak and Nuer communities.
Gambella National Park,Stay in eco-friendly lodges within the park.
Gambella National Park,Enjoy night safaris for a unique experience.
Gambella National Park,Learn about the park's unique ecosystems.
Gambella National Park,Explore the park's floodplains and woodlands.
Gambella National Park,Participate in community-based tourism initiatives.
Gambella National Park,Discover the history and geography of the region.
Gambella National Park,Spot endangered species like the white-eared kob.
Gambella National Park,Take part in conservation and research projects.
Gambella National Park,Enjoy picnic spots with stunning views.
Gondar,Royal Enclosure - Fasil Ghebbi
Gondar,Debre Berhan Selassie Church
Gondar,Bath of Fasiladas
Gondar,Fasilides Castle
Gondar,Qusquam Complex
Gondar,Falasha Village
Gondar,Visiting Local Markets in Gondar
Gondar,Tasting Traditional Ethiopian Cuisine
Gondar,Exploring Local Arts and Crafts
Gondar,Attending Cultural Festivals and Events
Gondar,Hiking in the Semien Mountains
Gondar,Visiting Local Educational Institutions
Gondar,Attending Religious Ceremonies and Services
Gondar,Exploring Gondar Museum
Gondar,Shopping for Handicrafts and Souvenirs
Gondar,Staying in Traditional Guesthouses or Hotels
Gondar,Attending Community Gatherings and Meetings
Gondar,Visiting Ancient Monasteries
Gondar,Engaging with Local Community Leaders
Gondar,Observing Ritual Practices
Gondar,religion activity
Hadar,Paleontological site known for significant fossil discoveries.
Hadar,Visit the site where the famous fossil "Lucy" was found.
Hadar,Explore ancient hominid fossils and early human history.
Hadar,Learn about the importance of Hadar in understanding human evolution.
Hadar,Take guided tours with expert paleoanthropologists.
Hadar,View excavations and ongoing research activities.
Hadar,Discover fossils of early human ancestors and other species.
Hadar,Participate in educational programs about paleoanthropology.
Hadar,Experience the arid landscape where ancient species thrived.
Hadar,Visit the nearby museum showcasing fossils and artifacts.
Hadar,Engage in discussions with scientists about their findings.
Hadar,Walk through the historic excavation sites.
Hadar,Learn about the geology and environment of ancient Hadar.
Hadar,View replicas of significant fossil discoveries.
Hadar,Take part in workshops on fossil preservation and analysis.
Hadar,Experience the thrill of discovering ancient history.
Hadar,Explore the relationship between early humans and their environment.
Hadar,See exhibits on the tools and lifestyles of early hominids.
Hadar,Join a dig tour to see fossil recovery in action.
Hadar,Learn about the methods used in paleoanthropological research.
Hadar,View multimedia presentations on human evolution.
Harar,Historic city in eastern Ethiopia
Harar,renowned for its ancient walls and cultural significance.
Harar,the old walled city of Jugol UNESCO World Heritage site with narrow alleyways and traditional Harari homes.
Harar,Visit the 16th-century Grand Mosque
Harar,Experience the vibrant atmosphere of the Harar markets
Harar,selling spices textiles and local crafts.
Harar,Attend the nightly Hyena Man show at the city walls where locals feed hyenas by hand a unique cultural tradition.
Harar,Explore the Arthur Rimbaud House Museum
Harar,commemorating the famous French poet who lived in Harar.
Harar,Discover the Harari Cultural Center showcasing traditional Harari artifacts clothing and customs.
Harar,Sample traditional Harari cuisine
Harar,Visit the Ras Tafari House Museum
Harar,dedicated to Emperor Haile Selassie I who was born in Harar.
Harar,Engage with local artisans producing intricate handicrafts like woven textiles and basketry.
Harar,Take guided tours to ancient landmarks and historical sites within and around Harar.
Harar,Participate in cultural festivals and events celebrating Harari traditions music and dance.
Harar,Attend traditional music and dance performances at local cultural centers.
Harar,Join walking tours to explore the city's unique architecture and hidden gems.
Harar,Interact with locals during community visits and cultural exchange programs.
Harar,hayena feeding 
Harar, one of the oldest in Africa known for its unique architecture and spiritual significance.
Hawassa,Hawassa Lake
Hawassa,Amora Gedel Park
Hawassa,Fish Market
Hawassa,Hawassa University
Hawassa,Hawassa Cultural Center
Hawassa,Hawassa St. Gabriel Church
Hawassa,Hawassa Industrial Park
Hawassa,Boat Tours on Lake Hawassa
Hawassa,Hippo Watching at Lake Hawassa
Hawassa,Bird Watching at Lake Hawassa
Hawassa,Walking Along the Lake Shore
Hawassa,Exploring Hawassa Zoo
Hawassa,Attending Local Cultural Events and Festivals
Hawassa,Tasting Fresh Fish Dishes at the Fish Market
Hawassa,Visiting the Sidama Cultural Hall
Hawassa,Shopping for Local Handicrafts and Souvenirs
Hawassa,Relaxing at Lake View Resorts
Hawassa,Participating in Traditional Coffee Ceremonies
Hawassa,Exploring Nearby Hot Springs
Hawassa,Hiking in the Surrounding Hills
Hawassa,Visiting Local Farms and Plantations
Hawassa,Exploring the Hawassa Museum
Hawassa,Joining Guided City Tours
Hawassa,Engaging in Water Sports on Lake Hawassa (including swimming)
Hawassa,swimming fishing
Hawassa,Exploring Local Art Galleries
Hawassa,Observing Fichee-Chambalaalla Festivals
Hawassa,Fishing in Lake Hawassa
Jinka,Omo Valley Cultural Center
Jinka,Mursi Village
Jinka,Ari Village
Jinka,Ari Cultivation Tools Museum
Jinka,Key Afer Market
Jinka,Konso Cultural Landscape
Jinka,Mago National Park
Jinka,Visiting Local Tribal Communities
Jinka,Exploring Traditional Tribal Crafts
Jinka,Attending Local Cultural Festivals
Jinka,Tasting Traditional Cuisine
Jinka,Exploring Local Art and Crafts
Jinka,Hiking and Wildlife Viewing in Mago National Park
Jinka,Visiting Ari and Mursi Villages
Jinka,Photographing Indigenous Tribal Life
Jinka,Participating in Cultural Exchanges
Jinka,Learning about Indigenous Languages and Traditions
Jinka,Visiting the Omo Valley Research Center
Jinka,Exploring Traditional Agriculture Practices
Jinka,Shopping for Handicrafts and Souvenirs
Jinka,Visiting Local Educational Institutions
Jinka,Attending Folklore Performances
Jinka,Exploring the Omo River
Jinka,Visiting Rock Art Sites
Kafa,Visit the Kafa Biosphere Reserve.
Kafa,Experience coffee plantation tours.
Kafa,Learn about traditional coffee processing methods.
Kafa,Hike through lush montane forests.
Kafa,Spot diverse bird species in their natural habitat.
Kafa,Enjoy guided nature walks.
Kafa,Discover local flora and fauna.
Kafa,Visit traditional Ethiopian villages.
Kafa,Experience the rich cultural heritage of the region.
Kafa,Participate in coffee tasting sessions.
Kafa,Learn about the history and culture of coffee.
Kafa,Explore the beautiful landscapes and waterfalls.
Kafa,Engage in community-based tourism.
Kafa,Visit the Kafa Coffee Museum.
Kafa,Enjoy local Ethiopian cuisine.
Kafa,Stay in eco-friendly lodges.
Kafa,Participate in conservation activities.
Kafa,Join guided tours of the biosphere reserve.
Kafa,Experience traditional Ethiopian music and dance.
Kafa,Learn about sustainable coffee farming practices.
Kafa,Photograph stunning natural scenery.
Kafa,Relax in the peaceful environment.
Kafa,Visit local markets for handmade crafts.
Lalibela,Rock-Hewn Churches of Lalibela
Lalibela,Bete Giyorgis - Church of St. George
Lalibela,Bete Medhane Alem - Church of the Saviour of the World
Lalibela,Bete Maryam - Church of St. Mary
Lalibela,Bete Giyorgis Museum
Lalibela,Entoto Maryam Monastery
Lalibela,Yemrehanna Kristos Church
Lalibela,Visiting Local Markets in Lalibela
Lalibela,Tasting Traditional Ethiopian Cuisine
Lalibela,Exploring Local Arts and Crafts
Lalibela,Attending Cultural Festivals and Events
Lalibela,Hiking in the Surrounding Hills
Lalibela,Visiting Local Educational Institutions
Lalibela,Attending Religious Ceremonies and Services
Lalibela,Exploring Lalibela Museum
Lalibela,Participating in Guided Tours of Lalibela Churches
Lalibela,Attending Community Gatherings and Meetings
Lalibela,Visiting Rock-Hewn Monasteries
Lalibela,Experiencing Traditional Ethiopian Music and Dance
Lalibela,Observing Ritual Practices
Lalibela,Joining Religious Pilgrimages
Lalibela,11 church from rock
Lalibela,Visiting Cultural Heritage Sites
Negash,Historic town in northern Ethiopia
Negash,Early Islamic settlements and cultural significance
Negash,Visit the Negash Amedin Mesgid Mosque a symbol of religious tolerance and diversity.
Negash,Explore the ancient Negash Amedin Mesgid Cemetery a resting place of early Islamic leaders.
Negash,Learn about the rich history and heritage of Negash at local museums and cultural centers.
Negash,Enjoy traditional Ethiopian cuisine at local restaurants and cafes.
Negash,Shop for handmade crafts and souvenirs at local markets.
Negash,Attend cultural festivals and events showcasing traditional music dance and rituals
Negash,Experience the hospitality of the local community and engage in cultural exchanges.
Negash,Take guided tours to nearby historical sites and natural attractions.
Negash,Participate in community development initiatives supporting education and healthcare.
Negash,Hiking and exploring the scenic landscapes surrounding Negash.
Negash,Photography opportunities of historical and cultural landmarks.
Negash,Interacting with local artisans and learning traditional crafts.
Simien Mountains,Hiking on scenic trails that offer breathtaking views of rugged cliffs and deep valleys.
Simien Mountains,Spotting rare wildlife such as the Ethiopian wolf and Gelada baboon.
Simien Mountains,Birdwatching for endemic species like the Ethiopian thick-billed raven.
Simien Mountains,Exploring ancient rock formations and geological wonders.
Simien Mountains,Summiting Ras Dashen
Simien Mountains,Photographing stunning landscapes at sunrise and sunset.
Simien Mountains,Visiting local villages and experiencing traditional mountain life.
Simien Mountains,Camping under starry skies and enjoying the serene mountain environment.
Simien Mountains,Engaging in eco-friendly tourism and supporting conservation efforts.
Simien Mountains,Participating in guided tours and educational hikes.
Simien Mountains,Discovering diverse flora including giant lobelias and heather forests.
Simien Mountains,Mountain coludy weather
Simien Mountains,cold temrature nice view
Wonchi,Scenic crater lake surrounded by lush forests.
Wonchi,Boat rides on the tranquil lake waters.
Wonchi,Explore the stunning Wonchi Lake on foot.
Wonchi,Enjoy breathtaking views of the crater and surroundings.
Wonchi,Hiking trails around the crater and lake.
Wonchi,Visit traditional Ethiopian Orthodox monasteries on the lake's islands.
Wonchi,Experience local culture and hospitality in nearby villages.
Wonchi,Relax in natural hot springs.
Wonchi,Engage in birdwatching around the lake.
Wonchi,Take guided tours to learn about the area's history and geology.
Wonchi,Picnic spots with panoramic views of the lake.
Wonchi,Photography opportunities with stunning landscapes.
Wonchi,Camping sites near the lake for an immersive nature experience.
Wonchi,Learn about local flora and fauna from expert guides.
Wonchi,Visit the nearby forest for a serene nature walk.
Wonchi,Experience the tranquility of the natural surroundings.
Wonchi,Enjoy traditional Ethiopian food at local eateries.
Wonchi,Interact with local artisans and purchase handmade crafts.
Wonchi,Explore nearby caves and rock formations.
Wonchi,Participate in conservation and eco-tourism activities.
Wonchi,Join horseback riding tours for a unique exploration.
Wonchi,gebeta lehager projects
